{
	"class_name" : "PinholeCameraParameters",
	"extrinsic" :
	[
		0.73993283360710649,
		-0.2187547362576728,
		0.63611773054600063,
		0.0,
		-0.672655887664101,
		-0.23248456697010167,
		0.70248486311915992,
		0.0,
		-0.0057843358286484292,
		-0.94767995203315369,
		-0.31916962570623963,
		0.0,
		1.189869680202434,
		-2.3467194040360271,
		18.926588321159421,
		1.0
	],
	"intrinsic" :
	{
		"height" : 1080,
		"intrinsic_matrix" :
		[
			935.30743608719376,
			0.0,
			0.0,
			0.0,
			935.30743608719376,
			0.0,
			959.5,
			539.5,
			1.0
		],
		"width" : 1920
	},
	"version_major" : 1,
	"version_minor" : 0
}